season;dis_org_nitr;dis_org_pho;salinity;temperature;hvgen;Diatomophyceae;Dinophyceae;Litostomatea;Cyanophyceae;Cryptophyceae;Chrysophyceae;Prymnesiophyceae;Copepods;Cladocerans;Synchaeta_sp
1; 1,58114397; 1,210378119; 0,061282631;-0,65507984;NA;NA;NA;NA;NA;NA;NA;NA; 0,242880857;-1,29745128;-1,69900642
1; 1,27580711; 1,184887040; 1,293149498;-3,41298296;NA;NA;NA;NA;NA;NA;NA;NA; 0,017692568;-1,29745128;-1,69900642
2; 0,77082818; 0,363518107; 0,887586511;-1,01533409;NA;NA;NA;NA;NA;NA;NA;NA;-0,056475550;-1,29745128;-1,69900642
2;-0,71891145;-1,270727522; 0,887586511;-0,76117544;NA; 1,570704013;-0,208961227; 0,81594388; 0,07892206;-0,613780092;-0,380832192;-2,566354634;NA;NA;NA
2;-1,39472799;-0,332416665; 0,751289982;-0,21788157;NA; 1,408332866; 0,440707100; 0,63672149;-1,50394804;-0,506295305; 0,234717022;-2,566354634; 0,435430348;-0,07810242; 0,23562348
2;-1,00284622;-0,490124973; 0,477006122; 0,11150140;NA; 1,247030165; 0,613667789; 0,68338237;-1,50394804;-0,349629090; 0,166775855; 0,207869195;NA;NA;NA
2;-1,72385711; 0,137427034; 0,751289982; 0,18285160;NA; 0,877110832; 1,529460706; 1,07816016;-1,50394804;-1,496352055; 0,197520072;-0,145884429;NA;NA;NA
2;-0,38149503;-1,006291965; 0,061282631; 0,28168341;NA;-0,180196533; 1,549197947; 1,11262013;-1,50394804; 0,301734130; 0,367034719; 0,045964269; 0,375553092; 0,79661020; 0,53574953
3;-0,73578623;-0,616139227; 0,339009424; 0,39033751;NA;-3,241435182; 0,180277032; 0,68838244;-1,50394804;-0,244734799; 0,765047950; 0,374470596;NA;NA;NA
3;-1,02831337;-0,407321509; 0,477006122; 0,47019146;NA; 0,080686553; 0,698008930; 0,88542147; 0,47605019;-0,391484014; 0,643544116; 0,336716674; 0,842066476; 1,03146727; 1,09553421
3;-0,58294995;-0,273796833; 0,339009424; 0,56481467;NA;-0,634216240; 0,144338711; 0,38203513; 0,65436440; 1,434900485;-3,245262598; 0,796277583;NA;NA;NA
3;-1,43992233;-0,203370098; 0,751289982; 0,59044358;NA;-0,699820219; 0,011339679;-0,48850607; 1,00077076; 1,805416478; 0,292728413; 1,036977078; 1,437743315; 1,13357853; 0,79715752
3;-0,71891145;-0,071390684; 0,477006122; 0,61269982;NA;-0,486086220;-0,812732906;-3,41374494; 1,24384534; 1,652708671; 0,271270871; 0,901048239;NA;NA;NA
3;-0,71891145;-0,106325592; 0,339009424; 0,59929539;NA;NA;NA;NA;NA;NA;NA;NA; 0,905528976; 1,33985017; 0,94944639
3;-0,21704407; 0,720520061; 0,477006122; 0,57249809;NA;-0,280408156;-0,372270049; 0,48122581; 0,81268264; 0,373422572; 0,214033065; 0,025341058;NA;NA;NA
4;-0,84658564; 0,235793502; 1,427243248; 0,55913590;NA;-1,454175143; 0,055058279; 0,32817641; 1,08811964; 1,475523360; 0,865937591; 0,948214793; 0,918508902; 0,90549692; 0,88916141
4; 0,45254089; 0,774741974; 1,023325588; 0,47371952;NA;NA;NA;NA;NA;NA;NA;NA; 0,834505203; 0,49959374; 0,85558098
4; 0,92410254; 1,043324802; 1,427243248; 0,29675939;NA;NA;NA;NA;NA;NA;NA;NA; 0,452157597; 0,28532343; 0,36069672
1; 1,35559878; 1,193476263; 1,826304066;-2,07861795;NA;NA;NA;NA;NA;NA;NA;NA; 0,043887502; 0,01275404;-1,69900642
1; 1,44829825; 1,176202907; 1,293149498;-3,41298296;NA;NA;NA;NA;NA;NA;NA;NA;-0,469874141;-1,29745128;-1,69900642
2; 1,48417018; 1,193476263; 1,560797385;-2,07861795;NA;NA;NA;NA;NA;NA;NA;NA;-1,001649187; 0,15675812;-0,29866523
2; 0,75169670; 0,668966761; 1,693816233;-0,74425293;NA; 1,064790907; 0,172626011; 0,16354762;-1,50394804;-1,819960100;-0,032135743;-2,566354634;NA;NA;NA
2;-0,41309148;-0,005860575;-0,643375648;-0,05448269;NA; 1,178205823; 1,258955575; 1,00307762;-1,50394804;-0,263019002;-0,275351749;-2,566354634; 0,148450295; 0,14131934; 0,51827037
2;-0,53007433;-0,308955041;-1,363320541; 0,03802009;NA; 1,448579675; 1,426477937; 0,78359363;-1,50394804;-0,653954912; 0,132380664;-2,566354634;NA;NA;NA
2;-1,43992233;-1,815476065;-1,218076729; 0,22332702;NA; 0,498846001; 1,024182433; 0,89217851;-1,50394804;-0,629970224; 0,670297981;-0,587069105; 0,098098294; 0,68804450; 0,23587006
2;-1,14059641;-1,551040508;-0,786120634; 0,34016667;NA;-0,513091453; 0,558781624; 0,77185873;-1,50394804;-0,622310413; 0,301136422; 0,019096650;NA;NA;NA
3;-0,25039653;-1,195822678;-0,218787876; 0,46033158;NA;-0,790318037;-0,308249992; 0,72129286;-1,50394804;-2,862996293; 0,873971634;-0,137521050;NA;NA;NA
3;-0,95453263;-1,064533867;-0,359714450; 0,59734459;NA; 0,221381341; 0,175060975; 0,48747797;-0,02582997;-1,458021438; 1,035949774; 0,421398881; 0,691338659; 1,31905473; 1,02079880
3;-1,72385711;-0,356600297;-0,078457189; 0,62932073;NA;-0,824684142; 0,361082250;-0,76961763; 0,30004943; 1,053415789; 0,730715641; 0,293107389; 1,043076546; 1,26740425; 0,78881850
3;-0,84658564;-0,808782443; 0,339009424; 0,62992370;NA;NA;NA;NA;NA;NA;NA;NA; 0,748571455; 1,05334252; 0,63943347
4;-0,73578623;-0,221542145; 0,339009424; 0,58944828;NA;-0,919136993; 0,084909196;-0,08298757; 0,70155298; 0,847014975; 0,272537985; 0,298589777;NA;NA;NA
4; 0,40394781; 0,613792812; 0,339009424; 0,50418951;NA;NA;NA;NA;NA;NA;NA;NA; 0,939745466; 0,53172867; 0,92313009
4; 1,11652161; 1,043324802; 0,339009424; 0,29675939;NA;NA;NA;NA;NA;NA;NA;NA; 0,548169106; 0,28532343; 0,27028644
1; 1,51658368; 1,112568834;-0,218787876; 0,02526389;NA;NA;NA;NA;NA;NA;NA;NA; 0,368474914;-1,29745128;-0,19175818
2; 1,50797017; 1,193476263; 0,887586511;-1,50393821;NA;NA;NA;NA;NA;NA;NA;NA;-1,209561621;-1,29745128;-0,34303567
2; 1,74819840; 1,204784458;-0,406823270;-3,41298296;NA;NA;NA;NA;NA;NA;NA;NA;-1,048074898;-1,29745128;-1,69900642
2; 1,39212095; 0,946611134; 0,339009424;-0,69727323;NA; 1,053521669; 0,619322443; 0,78266881;-1,50394804;-0,885087524;-0,407677543; 0,006556118;NA;NA;NA
2; 0,59441458;-0,582691370;-0,031811843;-0,17513763;NA; 1,218449086; 0,467714516; 0,50298651;-1,50394804;-0,321615042;-0,150445307; 0,197388364; 0,253326758; 0,16384516; 0,40506716
2; 0,77577710;-0,651074135;-1,363320541; 0,09795534;NA; 1,333781829; 0,850064883; 0,65258836;-1,50394804;-0,036479204; 0,667686320; 0,205729257;NA;NA;NA
2;-0,43497668;-1,353530986;-0,786120634; 0,25128438;NA; 0,806748186; 1,280131190; 1,21651994;-1,50394804; 0,831072359; 0,403755757;-0,065867581; 0,224352800; 0,48341255; 0,76575558
2; 0,04483316;-1,672188456; 1,427243248; 0,34578496;NA; 0,506243467;-0,270933320; 0,72355515;-0,15394595; 0,229037236; 0,418081312; 0,234212033;NA;NA;NA
3;-0,43497668;-0,725978979;-0,786120634; 0,46304398;NA;-0,009525031;-0,017897591; 0,31579771; 0,23478595; 0,682781424; 0,459853329; 0,779208252; 1,111199443; 1,17949558; 0,95996644
3;-0,77080699;-0,407321509;-0,786120634; 0,55818183;NA;-1,335773469; 0,667673643; 0,56106960;-1,50394804; 1,333885216;-0,324966575; 0,220431968;NA;NA;NA
3;-1,14059641;-0,461543422;-0,786120634; 0,62831382;NA;-0,236496183; 1,086105236;-0,28682502;-1,50394804; 2,082051272;-0,328602748; 1,439877490; 1,371577384; 1,17706220; 0,72628188
3;-0,62540352;-0,142885952;-0,218787876; 0,63709179;NA;-0,188190319; 0,248355168; 0,63811918; 0,53937745; 0,953746945; 0,529821269; 0,993533266; 0,421940047; 1,27898752; 0,96318123
3;-1,04804057;-0,766290688;-0,218787876; 0,62911954;NA;-0,362474940; 0,612329549; 0,35418128; 0,85283735; 0,794937228; 1,013407280; 0,512048064;NA;NA;NA
4;-0,11846537; 0,382924180;-0,218787876; 0,57041670;NA;-0,369905496; 0,447458982;-0,04190244; 0,81817506; 1,230883339;-0,150445307; 0,387451676; 0,715343027; 0,44419082; 0,34302409
4; 0,54133848; 0,965103893; 0,339009424; 0,53862425;NA; 0,214131788;-0,512508254;-0,19274300; 0,58140446; 0,219799620; 0,029904924;-0,082266965; 1,306359309; 0,37597033; 0,82928406
4; 0,84520464; 1,239914598; 0,339009424; 0,50310003;NA;-1,210478714;-1,076521296; 0,43051240;-0,31795255; 0,256260742;-0,797011224;-0,680232273;NA;NA;NA
4; 1,05111139; 1,353665728; 0,339009424; 0,39813924;NA;-0,908909858;-1,081189529;-0,27257049;-0,69869279; 0,086092289;-3,245262598;-0,244527496; 0,587300795;-1,29745128; 0,44993114
1; 1,58782584; 1,370211729;-0,977407377; 0,26117850;NA;-0,972161863;-1,128206850;-0,14032555;-0,32496178;-1,177197093;-3,245262598;-0,306736243;NA;NA;NA
1; 1,38202718; 1,295852464; 0,339009424;-0,13766948;NA;-1,201965219;-1,491499051;-3,41374494;-1,50394804;-2,048487084;-3,245262598;-2,566354634;-0,360594486;-0,07810242;-1,69900642
2; 1,43943396; 1,259006371;-0,218787876;-1,95936113;NA;NA;NA;NA;NA;NA;NA;NA;-0,779448700;-1,29745128;-0,29866523
2; 0,79602922; 0,338566614;-0,786120634;-0,39064878;NA; 1,179839379; 1,319295915; 0,86453989;-1,50394804;-1,028901745;-0,407677543;-0,204732823;NA;NA;NA
2;-1,23846741;-0,344415463;-0,786120634;-0,35457875;NA; 1,345992364; 1,096732671;-0,27257049;-1,50394804;-0,945167475;-0,210638435;-0,158208793;-0,215921767;-1,29745128; 0,57016592
2;-3,18002621;-0,633412582;-0,977407377;-0,06723889;NA; 1,058709325; 1,560850630;-0,02667782;-1,50394804; 0,002668942; 0,150717723;-0,158762906;NA;NA;NA
2;-1,81736504;-1,020452817;-1,363320541; 0,08619445;NA; 1,210800086; 1,450067970; 0,62089498;-1,50394804;-0,447811404; 0,340257523;-0,514806138;NA;NA;NA
2;-1,81736504;-1,640106204;-1,363320541; 0,25921848;NA;NA;NA;NA;NA;NA;NA;NA;-1,951722870; 0,01275404;-0,51247935
2;-1,38387088;-0,633412582;-1,363320541; 0,33935780;NA;-3,241435182;-0,198228417; 1,20421271;-1,50394804;-1,353715214; 0,675374857;-2,566354634;NA;NA;NA
3;-1,81736504;-1,095357661;NA; 0,42926155;NA;-0,546554307;-0,412405233; 0,64904863; 0,98766117;-0,035554337; 0,286962603;-0,035002264;NA;NA;NA
3;-1,08220683;-0,725978979;NA; 0,54753951;NA;-3,241435182; 0,376051975; 0,77024355; 0,32434632; 0,630893205; 0,927561290; 0,921108036; 0,930756752; 1,11831566; 0,98203750
3;-0,65141120;-0,633412582;NA; 0,63072631;NA;-3,241435182; 0,104605293; 0,50248315; 0,57516010; 1,507904828;-0,133292621; 1,295024612; 1,096039364; 1,05583738; 0,75546948
3;-1,81736504;-0,475704274;-1,753773963; 0,67767737;NA;-0,618808252;-0,245036346;-0,36686273; 1,16864208; 1,098664566; 0,527432923; 1,176967359;NA;NA;NA
3;-0,42668937;-0,181230436;-1,363320541; 0,66844681;NA;-0,540655625;-0,217629231; 0,33378020; 0,97642676; 0,806841769; 0,407981463; 0,175187074; 1,019498895; 1,26696934; 0,44993114
3;-0,57952565;-0,475704274;-1,363320541; 0,67118308;NA;-0,349401519;-0,438450097;-0,59386485; 0,98409340; 0,695097898; 0,544194839; 0,174401939;NA;NA;NA
4;-1,38387088;-0,633412582;-1,363320541; 0,64491360;NA; 0,453740554; 0,917238818;-0,58788017; 0,97992177; 1,292814635; 1,026804835; 0,818781671; 0,361172055; 0,50718015; 0,59456949
4; 0,36515374; 0,456084504;-1,363320541; 0,58139863;NA;-0,520443672; 0,125383720;-0,41273377; 0,31072092; 1,239523886; 0,186151784; 0,088743156;NA;NA;NA
4; 0,94571144; 1,043324802;-1,950736904; 0,51386801;NA;-0,298136664;-0,647308876;-0,40069712; 0,45795284; 0,099911606;-3,245262598;-0,006310471;NA;NA;NA
4; 1,22964621; 1,158541355;-1,950736904; 0,32283993;NA; 0,312194254;-5,574568810;-3,41374494;-0,28244689;-0,159943696;-3,245262598;-0,906813772;NA;NA;NA
1; 1,30882256; 1,210378119;-1,950736904; 0,06241205;NA;NA;NA;NA;NA;NA;NA;NA;-0,075023453;-1,29745128; 0,12871642
1; 1,21002954; 1,259006371;-0,652872903;-1,50393821;NA;-0,957134713;-1,349270359;-0,77719676;-1,50394804;-1,186519032;-0,768609812;-0,960545113;-0,227515656; 0,12750888; 0,51852596
1; 1,37192613; 1,357372839;-0,786120634;-1,95936113;NA;-3,241435182;-2,200883680;-0,15893788;-0,25702922;-0,309807754;-3,245262598;-0,680232273;-0,512074943;-1,29745128;-0,19175818
2; 1,38168128; 1,226924120;-0,824289882;-1,67202126;NA; 0,607687247;-0,342172604;-0,97754562; 0,53448604;-2,149448747; 0,029730368;-0,429532877;-0,321372025;-1,29745128;-1,69900642
2; 0,25325600;-0,604831031;-0,843390981;-0,41992285;NA; 1,510625219; 0,200799367; 0,37761733;-1,50394804;-0,023334220; 0,133492044;-2,566354634;NA;NA;NA
2; 0,31303088; 0,295135342;-0,237543547;-0,26904326;NA; 1,677880739; 0,677784626;-1,08303810;-1,50394804;-0,380571644;-0,196239373;-0,627128669;-0,309927956;-1,29745128; 0,02180936
2;-1,23846741;-0,499887906;-1,597040930; 0,22652814;NA; 1,171720869; 0,110091117; 0,61934778;-0,25600840; 0,776456137;-0,132227458;-0,127418114; 0,751525257; 0,43766133; 0,40556071
2;-1,23846741;-1,270727522;-0,463442262; 0,38818403;NA; 0,125642187;-0,272093152; 0,63165022; 0,30096674;-1,463990691; 0,341547915;-0,182482705;NA;NA;NA
3;-1,23846741;-0,700209260;-0,539084821; 0,56198501;NA;-1,052154430; 0,006128622; 1,09497538; 0,40755121;-0,631056931;-0,150445307; 0,284533095; 1,065316837; 1,12634095; 0,85969414
3;-0,78288090;-1,044636449;-0,162584378; 0,62992370;NA;-1,323835589;-0,068403092;-0,25156503; 1,16932177; 0,606952411; 0,126176303; 0,575078721; 1,254895538; 1,33791986; 0,87755938
3;-1,18241595;-1,270727522;-0,350300705; 0,67480357;NA;-0,043709529; 0,369155214; 0,24188083; 1,18080854; 1,115291386; 0,342742300; 0,719789784;NA;NA;NA
3; 0,24628808;-1,270727522;-0,425685537; 0,68828009;NA;-0,027933869; 0,679962439; 0,25450178; 1,20119414; 0,820691002; 0,667764547; 0,914963407; 0,572004665; 0,79986060; 0,66374526
3;-0,95453263;-1,270727522;-0,181308304; 0,72562761;NA; 0,075103524; 0,090757550;-0,52068394; 1,10448867; 0,702436444; 0,601273876; 0,667404756;NA;NA;NA
4;-1,23846741;-0,604831031; 0,228197441; 0,69929852;NA; 0,070963032; 1,225195651;-0,67325428; 1,09376000; 0,451346651;-3,245262598; 0,509347601; 0,843397562; 0,37597033; 0,66374526
4;-1,23846741;-0,005860575; 0,339009424; 0,64876985;NA;-0,439764170; 1,408483432;-1,12145376; 0,79030567;-0,159190689;-0,150161694; 0,037782270;NA;NA;NA
4; 0,44599015; 0,891720649; 0,760393852; 0,40372241;NA;-0,366757974;-0,778287025;-0,20495474; 0,03743301; 0,405973038;-0,136839766;-0,106626428;NA;NA;NA
4; 0,86805109; 1,259006371; 0,887586511; 0,17690395;NA;-0,765067014;-0,963058858;-0,51095395;-0,55185276;-0,047813810;-0,933887592;-0,465970436; 0,232880786;-1,29745128; 0,52431954
1; 1,09497316; 1,158541355; 0,833135049;-3,41298296;NA;NA;NA;NA;NA;NA;NA;NA;-0,663181623;-1,29745128;-0,19175818
1; 1,15486171; 1,182002978; 1,104503349;-1,95936113;NA;NA;NA;NA;NA;NA;NA;NA;-1,110145110; 0,01275404;-1,69900642
2; 1,15294579; 1,204784458; 0,577840267;-3,41298296;NA;NA;NA;NA;NA;NA;NA;NA;-1,251738703;-1,29745128;-1,69900642
2; 0,35623299; 0,613792812; 0,905717163;-0,86535627;NA;NA;NA;NA;NA;NA;NA;NA;-0,512439104; 0,24761459; 0,12920997
2;-0,91667102;-1,270727522;-0,106475897; 0,17929326;NA;NA;NA;NA;NA;NA;NA;NA; 0,168444420; 0,40542914; 0,29816010
3;-1,23846741;-1,270727522;-0,501241991; 0,53155512;NA;NA;NA;NA;NA;NA;NA;NA; 0,457393255; 1,00995667; 1,22587271
3;-0,75307771;-1,270727522;-0,520158012; 0,64336100;NA;-1,051193841;-0,068759800; 0,30084730; 0,88423593; 0,322968159; 0,605177228; 0,910929474;NA;NA;NA
3;-1,23846741;-1,270727522;-0,200042799; 0,68195106;NA;-0,897786015;-0,149641128; 0,10015984; 1,21493342; 0,555509125; 0,630853532; 1,040376106; 1,146963390; 0,98733467; 0,82323489
4;-0,25324895;-1,270727522; 0,851295465; 0,61186151;NA; 0,614318511;-0,768256370;-3,41374494; 0,89010835; 0,692226231;-0,139619419; 0,650393776;NA;NA;NA
4; 0,30663568; 0,660035915; 1,427243248; 0,38818403;NA;NA;NA;NA;NA;NA;NA;NA; 0,576738038;-1,29745128; 0,81800610
1; 1,44766879; 1,384632428; 1,887951186;-3,41298296;NA;NA;NA;NA;NA;NA;NA;NA;-0,401284047;-1,29745128;-1,69900642
2;-0,81400910;-0,604831031; 1,248330911;-0,28333929;NA; 1,306707385;-0,953709763;-0,51979146;-0,07839415;-1,514174378;-0,897380893;-0,021331757;-0,355811741; 0,07971213; 0,34302409
2; 0,17250735; 0,044860637; 1,320011626;-0,01080614;NA; 1,572193873; 1,058057593; 0,25588615;-0,31171138;-0,957519400;-0,048557133;-0,501145639;NA;NA;NA
2; 0,44599015;-1,270727522; 0,705733134; 0,08619445;NA; 1,446393784; 1,401333038; 0,41003976;-0,07450793;-0,242756103;-3,245262598; 0,232719703;NA;NA;NA
2; 0,65399582;-1,270727522; 0,246691817; 0,39390196;NA; 0,874431000; 1,178967312; 0,39687577; 0,45265193;-0,154208205; 0,008984172;-2,566354634;-5,617889765;-1,29745128; 0,16337938
3;-1,08220683;-1,270727522; 1,427243248; 0,46544019;NA;-0,992357093; 0,486740000; 0,84829781; 0,39988596;-2,127950345;-0,125692480; 0,704972136;-0,040636157; 0,85214934; 1,03704900
3;-1,13052042;-1,044636449; 1,122515918; 0,57868030;NA;-0,146979016; 0,359136310; 0,25867437; 1,17770706; 0,832524773;-0,300159224; 1,513111508; 1,078004602; 1,19293219; 1,10563480
3;-0,50916922;-1,044636449; 0,577840267; 0,63232686;NA;-0,358776947; 0,743311000;-0,43956517; 1,24567579; 0,746241703; 0,618211140; 1,428859038;NA;NA;NA
3;-1,03701248;-1,044636449; 0,960049767; 0,65410903;NA;-0,347900444; 0,514901350; 0,05547519; 1,22050618; 0,796734444; 0,190433248; 1,182214943; 1,264815028; 0,84216838; 0,90807089
3;-0,59681712;-1,270727522; 0,978140886; 0,63072631;NA;-0,277525619;-0,797145107;-0,73841903; 1,06467008; 0,294451181;-0,007491500; 0,703906557;NA;NA;NA
4;-0,84658564;-1,270727522; 0,905717163; 0,63471617;NA;-0,641743081;-0,640329601;-3,41374494; 0,97779573; 0,390846254;-0,300092868; 0,558933759;NA;NA;NA
4; 0,18789850; 0,682175577; 1,194468593; 0,57502791;NA;NA;NA;NA;NA;NA;NA;NA; 0,340607670; 0,37489559; 0,79150515
4; 1,11753137; 1,269415875; 0,978140886; 0,26507096;NA;NA;NA;NA;NA;NA;NA;NA;-0,226079662;-1,29745128; 0,34277711
1; 1,54728992; 1,384632428;-0,087794130;-0,46247750;NA;NA;NA;NA;NA;NA;NA;NA; 0,165360185;-1,29745128;-1,69900642
2; 1,56668323; 1,357372839; 0,632711855;-0,96532851;NA;NA;NA;NA;NA;NA;NA;NA;-0,670173843;-1,29745128;-1,69900642
2; 1,04531848; 0,839883885; 0,375864684;-0,64191862;NA;NA;NA;NA;NA;NA;NA;NA;-0,142990867;-0,07810242; 0,34302409
2;-1,23846741;-0,869266588; 0,154116700; 0,23494557;NA;NA;NA;NA;NA;NA;NA;NA; 0,384521062; 0,29913389; 0,34302409
3;-1,23846741;-1,044636449; 0,357442170; 0,38818403;NA;NA;NA;NA;NA;NA;NA;NA; 0,510427556; 1,15806624; 1,10574462
3;-0,91667102; 0,044860637; 0,375864684; 0,65712940;NA;NA;NA;NA;NA;NA;NA;NA; 1,004374809; 1,17247360; 0,72628188
3;-0,57385542;-1,044636449; 0,079870230; 0,65486619;NA;NA;NA;NA;NA;NA;NA;NA; 0,613323586; 0,54508859; 0,48385398
4; 0,29366736; 0,512244534; 0,339009424; 0,55337825;NA;NA;NA;NA;NA;NA;NA;NA; 0,966494696; 0,54641763; 0,78000271
4; 0,56660867; 0,745081623; 0,357442170; 0,58139863;NA;NA;NA;NA;NA;NA;NA;NA; 0,454287963;-1,29745128; 0,71583428
4; 0,96479353; 1,170359713; 0,117014227; 0,37650596;NA;NA;NA;NA;NA;NA;NA;NA;-0,367211962;-1,29745128;-1,69900642
1; 1,30882256; 1,215932248;-0,369130866; 0,01476855;NA;NA;NA;NA;NA;NA;NA;NA;-0,487281724;-1,29745128;-1,69900642
1; 1,45268867; 1,309727583; 0,394276977;-3,41298296;NA;NA;NA;NA;NA;NA;NA;NA;-1,087483247;-1,29745128;-1,69900642
2; 1,35344079; 1,309727583; 0,923837916;-1,21659835;NA;NA;NA;NA;NA;NA;NA;NA;-0,930277235;-1,29745128;-1,69900642
2; 0,92076950; 0,940348901; 1,104503349;-1,15269614;NA;NA;NA;NA;NA;NA;NA;NA;-0,902746592;-1,29745128; 0,21527494
2; 0,33804316; 0,564657687; 0,723963378;-0,32944719;NA; 1,503140943; 1,159291661;-0,70141215; 0,18045658; 0,400943167; 0,954139452; 0,225252455;NA;NA;NA
2;-1,03701248;-1,270727522;-0,958229013; 0,25328219;NA;NA;NA;NA;NA;NA;NA;NA; 0,214485482;-1,29745128;-1,69900642
3;-0,84658564;-0,725978979;-1,150513202; 0,48526744;NA; 0,775066605; 0,724987843; 0,98470273; 0,38179175;-0,079220379; 1,635097342; 0,996633686; 0,136468860; 0,96785531; 1,00944203
3;-1,18241595;-1,270727522;-0,633881109; 0,60933636;NA;NA;NA;NA;NA;NA;NA;NA; 0,676047055; 1,19813546; 0,95968370
3;-1,08220683;-1,270727522;-0,633881109; 0,68053138;NA;-1,008446933; 0,169997273; 0,20797956; 1,40114986; 1,291493918; 1,102210628; 0,661756745;NA;NA;NA
3;-1,23846741;-0,324518045;-0,331481221; 0,66972598;NA;NA;NA;NA;NA;NA;NA;NA; 1,106505220; 1,02954628; 0,55683820
3;-1,23846741;-1,044636449;-0,444558530; 0,67839272;NA; 0,162113765;-0,815057208; 0,68621819; 1,43156057; 1,485618185; 1,016241773; 1,052814319;NA;NA;NA
3;-1,13052042;-0,869266588;-0,275086716; 0,66899551;NA;-0,004587402;-0,192744857;-3,41374494; 0,79936146; 0,784098301; 0,349040538;-0,139533159;NA;NA;NA
4;-0,62055734;-0,118324390;-0,200042799; 0,66310491;NA;NA;NA;NA;NA;NA;NA;NA; 0,729961383; 0,77792258; 0,66374526
4;-0,75307771;-0,604831031;-0,181308304; 0,60849122;NA;NA;NA;NA;NA;NA;NA;NA; 1,006112512; 0,30279652; 0,48434753
4; 0,53949808; 0,637254435;-0,312672403; 0,53257241;NA;NA;NA;NA;NA;NA;NA;NA; 0,477090482;-1,29745128; 0,74444806
4; 1,12953628; 1,237764375; 0,005457288; 0,23909104;NA;NA;NA;NA;NA;NA;NA;NA;-0,278971329;-1,29745128;-1,69900642
1; 1,40882690; 1,269415875;-0,482336745; 0,19334694;NA;NA;NA;NA;NA;NA;NA;NA;-0,326746136;-1,29745128;-0,08485112
1; 1,71632436; 1,279689302;-1,518951110;-0,12755815;NA;-0,721972939;-2,203322884;-0,48367935; 0,03093375;-2,867121940;-0,923990801;-2,566354634;-0,505349725; 0,10361050;-1,69900642
2; 1,49631817; 1,193476263;-0,671875570;-0,69727323;NA;NA;NA;NA;NA;NA;NA;NA;-0,882446920;-1,29745128;-1,69900642
2; 0,26698721;-1,270727522;-0,690889125;-0,08941229;NA;NA;NA;NA;NA;NA;NA;NA;-5,617889765;-0,07810242;-1,69900642
2;-1,23846741;-1,270727522;-1,363320541; 0,18637965;NA;NA;NA;NA;NA;NA;NA;NA;-2,824943542;-1,29745128;-1,69900642
2;-0,95453263;-1,270727522;-1,343917934; 0,23075822;NA; 1,547275939;-0,176000251; 0,28133783; 1,23665039;-0,422216618; 0,765475743; 0,552872854;NA;NA;NA
3;-1,08220683;-1,270727522;-1,753773963; 0,47547235;NA;NA;NA;NA;NA;NA;NA;NA;-0,045194314; 0,87826844; 0,74251976
3;-0,53007433;-1,270727522;-1,479974995; 0,59385368;NA;NA;NA;NA;NA;NA;NA;NA; 1,043617684; 1,10674430;-1,69900642
4;-0,11142742; 0,179918789;-0,293874239; 0,62750653;NA;-0,075501795;-0,291168444; 0,13353493; 0,96982113; 1,124003391; 0,644301049; 0,819842538; 0,680299407; 0,92372840;-1,69900642
4; 0,64612754; 1,000833047;-0,162584378; 0,53257241;NA; 0,113745249;-0,791210918;-0,22963234; 0,31666938; 0,608969398; 0,470733637; 0,600698479; 0,496004105; 0,31391892; 0,58906754
4; 0,96729897; 1,348072067; 0,117014227; 0,39247986;NA; 0,663460427;-1,207073722;-0,47763925; 1,42514056;-0,311799831; 0,032713787; 0,279562070; 0,234324427;-1,29745128; 0,47594280
4; 1,23093466; 1,357372839;-0,013172046; 0,24319547;NA;NA;NA;NA;NA;NA;NA;NA;-0,076107907;-1,29745128; 0,23587006
1; 1,30882256; 1,402293980; 0,061282631; 0,10939176;NA;NA;NA;NA;NA;NA;NA;NA;-0,310069775;-1,29745128;-1,69900642
1; 1,55273105; 1,410978113;-0,369130866;-0,18649570;NA;-0,589432496;-5,574568810;-0,12233291; 0,02642965;-1,471470247;-0,148773349;-0,512745638;-0,781968650;-1,29745128;-0,29866523
1; 1,64406760; 1,357372839;-0,824289882;-0,29814600;NA; 0,326363535;-0,325083359; 0,01998075;-0,01115676; 0,036818388; 0,617986474; 0,403375135;-0,711954299;-1,29745128;-1,69900642
2; 1,46015164; 1,319490517;-0,331481221;-0,44065436;NA;-0,290841727;-0,554458596; 0,15294811;-1,50394804;-1,122771903;-0,147442944;-0,736075835;NA;NA;NA
2; 1,53070818; 1,204784458;-0,143871009;-0,34603115;NA;NA;NA;NA;NA;NA;NA;NA;-0,328774223; 0,17056859;-1,69900642
2; 1,34619905; 0,564657687;-0,501241991;-0,15331450;NA; 1,583196959; 0,462677115; 0,74492882;-0,28962191;-0,153261451; 0,623515360; 0,054519220;NA;NA;NA
2;-0,48887013;-1,270727522; 0,117014227; 0,15727691;NA; 0,606710069; 1,003222834; 0,45574344;-1,50394804; 0,660471691; 0,907953749; 0,776312337; 0,266544419; 0,90171171; 0,49855408
2;-0,46914293;-1,270727522;-0,558022429; 0,27464514;NA; 0,093920775; 0,803881800; 1,02615088;-0,09873970; 0,779772434; 1,051799255; 0,696781134;NA;NA;NA
2;-1,23846741;-1,270727522; 0,061282631; 0,33118113;NA;-1,104618074; 0,428036425; 1,15055643; 0,02619160;-0,337870759; 0,822485968; 0,382042989;NA;NA;NA
2;-0,59681712;-1,270727522; 0,246691817; 0,43572882;NA;NA;NA;NA;NA;NA;NA;NA; 0,246608976; 1,09532605; 1,14136383
3;-0,48887013;-0,869266588; 0,320566435; 0,56481467;NA;-0,724246440; 0,068949148;-0,76313460; 0,10750250; 1,321563197; 0,700816659; 0,595436596; 1,482231432; 0,96300582; 0,17358041
3;-0,02377952;-1,270727522; 0,394276977; 0,64023824;NA;-0,391141488;-0,464927853;-3,41374494; 0,58818946; 0,693439184; 0,605786649; 1,022210720;NA;NA;NA
3;-0,55162278;-0,499887906; 0,486185532; 0,68124183;NA; 0,019711755;-1,187197113;-0,48877194; 0,16854892; 0,559040993; 0,631178463; 0,230370488;NA;NA;NA
3;-0,26768801; 0,258574981; 0,669242577; 0,60080636;NA; 0,164162764;-0,825877224; 0,02945493; 0,12629444; 1,177811461; 0,023335502;-0,153076023;NA;NA;NA
3;-0,39536220; 0,330070250; 0,650982242; 0,59734459;NA;-1,051464472;-0,846042027; 0,42367842;-0,31891681; 1,210225289; 0,389654274;-0,062426460; 0,885260858; 1,23343066; 0,86760532
4;-0,23910162; 0,589609180; 0,941948780; 0,58230080;NA;-0,006046211;-0,279921816;-0,08355337;-0,44914546; 0,822587744; 0,388261546;-0,093435258; 1,076219538; 0,92388893; 0,98530761
4; 0,08121897; 0,703708596; 0,978140886; 0,52951303;NA; 0,152276829;-0,283613954;-0,40359687;-0,03853392; 0,882432506;-0,032142189;-0,057241516;NA;NA;NA
4; 0,66177667; 1,029414597; 0,614431404; 0,46063383;NA; 0,010441468;-0,305376389; 0,78886571;-0,59234550; 0,356730743; 0,272589033; 0,179057497;-0,210346146; 0,88886357; 1,10720421
4; 0,87379103; 1,248457139; 0,302113191; 0,34737630;NA;NA;NA;NA;NA;NA;NA;NA;-0,094749068; 0,06184910;-1,69900642
1; 1,09497316; 1,319490517; 0,596140878; 0,10939176;NA;NA;NA;NA;NA;NA;NA;NA;-0,490725209;-1,29745128;-1,69900642
1; 1,31797653; 1,357372839; 0,814964691;-1,09734153;NA;NA;NA;NA;NA;NA;NA;NA;-0,814205924;-1,29745128;-0,58127604
2; 1,22749352; 1,289830166; 1,230386516;-1,00483875;NA;NA;NA;NA;NA;NA;NA;NA;-1,504225457;-0,13657026;-0,58127604
2; 0,78557124; 1,109406230; 1,248330911;-0,26904326;NA;NA;NA;NA;NA;NA;NA;NA;-0,003521401;-0,13657026;-0,58127604
2;-0,55162278;-1,044636449; 0,042684615; 0,30738930;NA; 0,395476189; 0,227443661; 1,04043514; 0,02142244;-1,652879128; 0,955665689; 0,475792437;NA;NA;NA
2;-0,41309148;-1,270727522;-0,275086716; 0,43186058;NA; 0,765856336; 0,103942217; 0,99902935; 0,18956430;-1,217999480; 1,447846163; 0,356576092;NA;NA;NA
3;-0,95453263;-0,324518045; 0,005457288; 0,42795590;NA; 0,258173929; 0,278752064; 0,73395999;-1,50394804;-1,856211043; 0,175541969; 0,367485982;NA;NA;NA
3;-0,67059786;-0,118324390; 0,079870230; 0,47605498;NA; 0,227948163; 0,407110923; 0,64694558; 0,06881038;-0,526834221; 0,242107923; 0,663933424; 0,482946933; 1,12924162; 1,08907853
3;-0,78288090;-1,044636449;-0,275086716; 0,64023824;NA;-0,105073616;-0,028692403; 0,04428276; 1,14071034; 1,665535353; 0,446829448; 0,760888435; 1,088928445; 1,38330402; 0,84679932
3;-0,64513072;-0,869266588;-0,312672403; 0,66310491;NA;-0,059240296; 0,267918277;-0,05106340; 1,29843455; 1,645034737; 1,009649614; 1,065920647;NA;NA;NA
3;-0,41309148;-0,604831031;-0,181308304; 0,65486619;NA;-0,493957100;-0,177330722; 0,56584933; 0,63394430; 1,290523829; 0,924539411; 0,171821521; 0,329670683; 1,30946003; 0,96825231
4;-0,37807072; 0,220230498;-0,181308304; 0,61769439;NA;-0,178604346;-0,337708668;-0,84504039; 0,34582397; 0,860767243; 0,220484869; 0,333917774; 0,950502575; 0,57964377; 0,69186550
4; 0,04483316; 0,538887968;-0,256309823; 0,58499557;NA;-0,118443587;-0,547718712;-0,37350170; 0,84839430; 0,424493101; 0,314930461; 0,149082390;NA;NA;NA
4; 0,80790518; 1,193476263;-0,069122874; 0,41735995;NA;NA;NA;NA;NA;NA;NA;NA; 0,005537715; 0,12927570; 0,61709364
4; 0,74896926; 0,955911905; 0,302113191; 0,28768805;NA;NA;NA;NA;NA;NA;NA;NA;-0,021648345;-1,29745128;-0,34352097
1; 0,93923342; 1,226924120; 0,687492871; 0,08619445;NA;NA;NA;NA;NA;NA;NA;NA; 0,006402942;-1,29745128;-0,42464456
2; 0,70672917; 0,660035915;-1,616592128;-0,69727323;NA;NA;NA;NA;NA;NA;NA;NA;-1,285827116;-0,11267188;-1,69900642
2;-0,67059786;-1,270727522;-1,557973053; 0,23702348;NA;NA;NA;NA;NA;NA;NA;NA;-0,022870194; 0,43094063; 0,19434086
3;-0,69702625;-1,270727522;-1,538456346; 0,47488889;NA;NA;NA;NA;NA;NA;NA;NA;-0,463013939; 0,77941810; 1,10287519
3;-0,69702625;-0,869266588;-0,805199771; 0,61017979;NA;NA;NA;NA;NA;NA;NA;NA; 0,098196423; 1,06658766; 0,97423197
3;-0,64513072;-0,869266588;-0,767052458; 0,69451395;NA;-1,254455357; 0,262299019;-0,13039599; 1,46912493; 0,737717911; 0,235347728; 0,812880626;NA;NA;NA
3;-0,18520816;-1,044636449;-0,444558530; 0,67839272;NA;-0,485941697; 0,161371302;-0,18468559; 1,24556371; 0,313001012; 0,362016638; 0,770778907; 0,869242276; 1,36696589; 0,68400999
4;-0,01355643;-0,407321509; 0,357442170; 0,59297633;NA;NA;NA;NA;NA;NA;NA;NA; 0,573654845; 1,00341659; 0,23201667
4;-0,04468463; 0,137427034; 0,723963378; 0,47371952;NA;NA;NA;NA;NA;NA;NA;NA; 0,199141080; 0,29502855; 0,82411509
4; 0,67708371; 0,986142787; 0,541208742; 0,26700357;NA;NA;NA;NA;NA;NA;NA;NA;-0,155729505;-1,29745128; 0,01574340
1; 0,99907929; 1,083636510; 0,796784380;-0,44065436;NA;NA;NA;NA;NA;NA;NA;NA;-0,517692673;-1,29745128;-0,19503563
1; 1,21002954; 1,070427695; 1,284190621;-3,41298296;NA;NA;NA;NA;NA;NA;NA;NA;-1,141813587;-1,29745128;-0,58127604
1; 1,17930312; 1,237764375; 1,711511865;-3,41298296;NA;NA;NA;NA;NA;NA;NA;NA;-1,198093593; 0,11210076;-0,47436898
2; 1,19754033; 1,279689302; 1,852738283;-3,41298296;NA;NA;NA;NA;NA;NA;NA;NA;-1,465933044;-1,29745128;-0,47436898
2;-0,64513072;-0,407321509;-0,031811843;-0,08040011;NA; 1,641820843; 1,191180331; 0,69401103;-1,50394804;-0,356123720;-0,111286699;-2,566354634;-0,829792029; 0,20619388;-1,69900642
2; 0,69943463;-0,118324390;-0,162584378;-0,08488171;NA; 1,489177833; 1,014278803;-3,41374494;-1,50394804;-1,672429719; 0,750115404;-0,336347647;NA;NA;NA
2;-0,03415407;-1,270727522; 0,246691817; 0,12325739;NA; 0,951878221; 1,277212170; 0,46348472;-1,50394804;-0,388097460; 0,424592206; 0,359093880;-0,493857484; 0,30020901; 0,24047638
2;-0,57385542;-1,270727522;NA; 0,28400319;NA; 0,825084252; 0,888646897; 0,38837678; 0,13046694; 0,943499990; 0,589824269; 0,414682526;NA;NA;NA
3;-0,57385542;-1,270727522;NA; 0,44209674;NA; 0,858450621; 0,445506600; 1,14268723;-0,03185739;-2,370667980; 0,628019675;-0,204226288;-0,436204955; 0,73466851; 1,10817339
3;-0,69702625;-1,270727522; 0,650982242; 0,54161736;NA; 0,216924545; 0,038006962; 0,52761651; 0,71290321;-1,206382618; 0,943111102; 0,842229452;NA;NA;NA
3;-0,29749120;-1,270727522; 1,852738283; 0,61017979;NA;-0,060207572;-0,100386891; 0,81946250; 0,71763620;-0,526369905; 0,696723682;-2,566354634;-0,028603777; 1,11605253; 0,84111989
3;-0,15974102;-0,324518045; 2,290236816; 0,70065545;NA;-0,515963027;-0,447497925;-0,34702505; 0,68029926; 0,055200623; 0,071475989;-0,083310564;NA;NA;NA
3;-0,34471826;-0,324518045; 2,411709949; 0,68407149;NA; 0,043996037;-0,750630999; 0,16715804; 0,95941366; 0,501243560;-0,135244885;-0,329212717; 0,545041298; 0,85916729; 0,20015082
4;-0,03415407; 0,220230498; 2,549994141; 0,64180256;NA; 0,090272110;-0,746381223;-0,34702505; 0,64560653; 0,178592978;-0,095854696; 0,569058679;NA;NA;NA
4; 0,16468303; 0,484666054; 2,255448387; 0,58139863;NA; 0,448779130;-0,102643265; 0,26212021; 1,03541995; 0,691531420; 0,110702831; 0,333759014; 0,515950187; 0,45298612;-1,69900642
4; 0,51129551; 1,015253745; 2,220623454; 0,53155512;NA;-0,023945394;-0,979299003; 0,12318875; 0,77982605;-0,286613409;-0,703954710; 0,062641686; 0,359308928;-1,29745128; 0,38727157
4; 0,99907929; 1,269415875; 1,835117811; 0,37054120;NA; 0,522736383;-0,538304813; 0,43516062; 0,02353921;-0,453313357;-0,152980843;-0,305139556;-0,323478517; 0,31689049; 0,20242901
1; 1,26116680; 1,402293980; 1,427243248; 0,20693975;NA;NA;NA;NA;NA;NA;NA;NA;-0,829619835;-1,29745128;-0,33304554
1; 1,51372426; 1,410978113;-0,312672403;-0,21019037;NA;-0,711998395;-1,006936037;-0,04143289;-0,49343724;-0,936169295;-3,245262598;-0,765828725;NA;NA;NA
1; 1,54510158; 1,419567336; 0,467824172;-3,41298296;NA;NA;NA;NA;NA;NA;NA;NA;-1,864992507;-1,29745128;-1,69900642
2; 1,04755220; 0,784385113;-0,050462115;-0,47383557;NA; 0,952740131; 1,060137084; 0,57974928;-0,35537643;-1,329336825;-0,343067303;-0,454616654;NA;NA;NA
2; 0,79523028; 0,637254435; 0,191177740;-0,40993336;NA; 1,050541486; 0,714189692;-3,41374494;-1,50394804;-1,591656382;-0,439368932;-2,566354634;NA;NA;NA
2;-0,08846572; 0,044860637;-0,031811843;-0,17513763;NA; 1,408003937; 0,925557560;-0,17633893;-1,50394804;-1,493967440;-0,097357810;-2,566354634;NA;NA;NA
2;-0,91667102;-1,270727522;-1,616592128; 0,13402537;NA; 1,652246283; 1,348423103; 0,74756198;-1,50394804; 0,068663670; 0,652357837;-2,566354634;NA;NA;NA
2;-1,03701248;-1,044636449;-0,482336745; 0,30210842;NA;-0,036372216; 0,437580368; 0,95629667;-1,50394804;-0,325325987;-0,007636292;-0,234926602;-1,018805367; 0,45942050; 0,34662164
3;-0,64513072;-0,118324390;-0,312672403; 0,34258384;NA;-0,257430522; 0,091399611; 0,77608440;-0,35537643;-0,276437259; 0,230147832;-0,030132387;NA;NA;NA
3;-0,72449132;-1,044636449;-0,614900178; 0,54655834;NA;NA;NA;NA;NA;NA;NA;NA; 0,054625459; 1,01064300; 0,98259344
3;-0,25324895;-0,604831031;-0,406823270; 0,60166730;NA;-1,507055266; 0,074186915; 0,03935542; 0,62855019; 0,705190980; 0,745571247; 1,095198615; 0,812659027; 1,23140675; 1,01087391
3;-0,36119594;-1,270727522;-0,106475897; 0,66532371;NA;-0,266870403;-0,536322748; 0,40218819; 0,91839858; 0,807203795; 0,565897572; 0,428855416;NA;NA;NA
3;-0,59681712;-0,869266588;-0,312672403; 0,66753069;NA;NA;NA;NA;NA;NA;NA;NA; 0,335937457; 1,05229038; 0,70424691
4; 0,26015526; 0,660035915;-0,050462115; 0,53257241;NA;-0,098801070;-1,072778537;-0,25333708; 0,79765631;-0,039314760;-0,958400043; 0,608479121; 0,899633039; 0,47485613; 0,79768283
4; 0,50163647; 0,613792812;-0,106475897; 0,50418951;NA; 0,253199964;-0,863404660;-0,14207654; 0,57793015;-0,074316932;-1,298442562; 0,458257665; 0,088873454; 0,19575026; 0,60903311
4; 1,02947973; 1,248457139;-0,050462115; 0,32283993;NA;-0,191613534;-0,930354105;-0,53364233; 0,06093493;-0,443049384;-1,555674798;-0,393648217;-0,564867669;-1,29745128;-0,01046236
1; 1,30882256; 1,210378119; 0,449452648;-1,79127808;NA;NA;NA;NA;NA;NA;NA;NA;-1,116961395;-1,29745128;-1,69900642
1; 1,39674141; 1,289830166;-0,406823270;-1,21659835;NA;NA;NA;NA;NA;NA;NA;NA;-1,122199092;-1,29745128;-0,13548163
2; 1,24956444; 1,279689302;-0,805199771;-3,41298296;NA;NA;NA;NA;NA;NA;NA;NA;-2,000441584;-0,13657026;-0,12714261
2; 1,36060840; 1,226924120;-0,614900178;-3,41298296;NA; 0,816212004; 0,056262287;-0,08065208;-1,50394804;-1,570932692;-0,847072379;-0,185625610;NA;NA;NA
2; 0,01624677; 0,208352599;-1,189104088;-0,28333929;NA; 1,392503433; 1,130149708; 0,37378277;-1,50394804;-0,495424291; 0,014203662;-2,566354634;-0,444727894; 0,05802432; 0,29388378
2;-1,23846741;-0,550609118;-1,402159817; 0,14967039;NA; 1,403917270; 1,337629520; 0,24533008;-1,50394804; 0,067384578; 0,535568709;-0,198360120;NA;NA;NA
2;-0,88075190;-1,270727522;-2,831535860; 0,30738930;NA; 1,041998802; 1,080066304; 0,92712586;-1,50394804;-0,128425571; 0,754489285; 0,392625201;NA;NA;NA
3;-0,81400910;-1,270727522;-3,014615345; 0,47254683;NA; 0,035563318; 0,078512076; 0,77938858; 0,04879600;-1,505813548; 0,280534430; 0,051006263;-0,152360196; 0,72335873; 0,79409836
3;-0,78288090;-1,270727522;NA; 0,51809809;NA; 0,050813819; 0,051947887; 0,72539038; 0,44307717;-0,748930831; 0,334215681; 0,047980397; 0,580268971; 1,08018395; 1,15435305
3;-0,78288090;-0,885144018;-2,408237488; 0,61603621;NA;-0,250897130; 0,058882774;-0,07930756; 1,00685737;-0,231945101; 0,490692499; 0,897228705;NA;NA;NA
3;-0,99455892;-0,264033900;-2,268329358; 0,64491360;NA;-1,492026632;-0,062228148;-0,16841991; 1,09983824; 0,798150953;-0,082328045; 0,709006974;NA;NA;NA
3;-0,50916922;-0,823472703;-1,597040930; 0,61520463;NA;-0,041275758; 0,211334857; 0,33843045; 1,12589520; 0,642772032; 0,878194814; 0,694554561; 0,650106738; 1,30464267; 1,02437018
3;-0,88075190;-0,917894841;-1,499457331; 0,64180256;NA;-0,046732374;-0,528308655; 0,10481580; 0,94794735; 0,462500981; 0,061078114; 0,838116017; 0,815287780; 1,06548411; 0,73151266
4;-0,84658564;-0,823472703; 3,131357475; 0,61437137;NA; 0,016204422;-0,808981479;-0,09723035; 1,03350188; 0,658848671;-0,082328045; 1,063878229;NA;NA;NA
4;-0,28243106;-0,082863968;-0,900760327; 0,53257241;NA;-0,113756440;-0,658595034;-0,50412646; 0,69347052; 0,662961545;-0,384595607; 0,229783392; 0,779672780; 0,92047369; 0,82512962
4;-0,21163655; 0,546707992;-0,275086716; 0,46304398;NA; 0,247789957;-0,480744528; 0,15582070; 0,74638707; 0,429374620;-0,346660434; 0,642348570; 0,320896137; 0,40097741; 0,66983052
4; 0,71394850; 1,121980994;-0,501241991; 0,33773532;NA;-0,729361647;-0,798479955;-0,46562513; 0,45833151;-0,578627221;-1,007943394; 0,258619710; 0,083115957; 0,36131907;-0,25361473
1; 1,23606486; 1,146542556;-1,111967137; 0,08916610;NA;-0,765251154;-0,871310912; 0,03681046; 0,27824482;-0,585729785;-0,784075867; 0,251678726; 0,068426644;-1,29745128;-1,69900642
